UniprotID,Sequence,OrganismID,Organism,GeneNames
A0A2G3C7I2,MAFCKVGILSLLLLSGIFLLGIEVEYGNAQKMCLQVCDPEVAYMTCPSSGDEKMSDVCVNCCTAAVGCKLFRSDGSFICTGTPE,80379,Capsicum chinense (Scotch bonnet) (Bonnet pepper),BC332_15893
A0A1U8HFR9,MAFCKVGILSLLLLSGIFLLGIEVEYGNAQKMCLQVCDPEVAYMTCPSSGDEKMSDVCVNCCTAAVGCKLFRSDGSFICTGTPE,4072,Capsicum annuum (Capsicum pepper),LOC107879784
A0A1U8HFS2,MAFCKVGILSLLLVSGIFLLGIEVEFGNAQKMCIQVCDPEVASMTCPSSGDEKINDVCVNCCTAAVGCKLFRSDGSLICTGTLE,4072,Capsicum annuum (Capsicum pepper),T459_17035
A0A2G2ZAE0,MAFCKVGILSLLLVSGIFLLGIEVEFGNAQKMCIQVCDPEVASMTCPSSGDEKINDVCVNCCTAAVGCKLFRSDGSLICTGTLE,4072,Capsicum annuum (Capsicum pepper),LOC107879783
A0A1S3YL26,MAFYKASILSLLLLSGIFLLGIGEVKYVNAKSCLQFCDNEVAYMTCPSSGDEQISPVCVNCCTADEGCKLFRTDGSLICTGTQD,4097,Nicotiana tabacum (Common tobacco),LOC107777263
A0A1U7YPZ0,MAFYKASILSLLLLSGIFLLGIGEVKYVNAKSCLQFCDNEVAYMTCPSSGDEQISPVCVNCCTADEGCKLFRTDGSLICTGTQD,4096,Nicotiana sylvestris (Wood tobacco) (South American tobacco),LOC104246736 LOC104234561
A0A1U7XKN6,MAIHKVGFLALLLLFGTHVLGSKMATAAEEEKSCPRDCISDAAYMVCPTRHGRHKLIESYCDNCCTLPENCKLFKENGDLICTGTDY,4096,Nicotiana sylvestris (Wood tobacco) (South American tobacco),LOC104235076
A0A1S3ZJX9,MAIHKVGFLALLLLFGTHVLGSKMATAAEEEKSCPRDCISDAAYMVCPTRHGRHKLIESYCDNCCTLPENCKLFKENGDLICTGTDY,4097,Nicotiana tabacum (Common tobacco),LOC107787467
A0A2G2WK98,MAISKIGILSLLLFSVVILLGISNMEKVEGKICPQICFDAAAYMMCPSSGTQKLAPTCNCCLAPQGCSLYYADRTLICTST,33114,Capsicum baccatum (Peruvian pepper),CQW23_14824
A0A2G3C8B9,MAISKIGILSLLLFSVVILLGISNMEKVEGKICPQICFDAAAYMMCPSSGTQKLAPTCNCCLAPQGCSLYYADRTLICTST,80379,Capsicum chinense (Scotch bonnet) (Bonnet pepper),BC332_16137
I1PF65,MASIKLALPMALLLCGLMVIGSIQSAEAQGGKFCPQFCYDGLEYMTCPSTGSQHLKPACNCCIAGEKGCVLYLNNGQVINCT,4538,Oryza glaberrima (African rice),
A0A0E0GTG1,MASIKLALPMALLLCGLMVIGSIQSAEAQGGKFCPQFCYDGLEYMTCPSTGSQHLKPACNCCIAGEKGCVLYLNNGQVINCT,4536,Oryza nivara (Indian wild rice) (Oryza sativa f. spontanea),
A0A0E0P0X3,MASIKLALPMALLLCGLMVIGSIQSAEAQGGKFCPQFCYDGLEYMTCPSTGSQHLKPACNCCIAGEKGCVLYLNNGQVINCT,4529,Oryza rufipogon (Brownbeard rice) (Asian wild rice),
Q6AVT6,MASIKLALPMALLLCGLMVIGSIQSAEAQGGKFCPQFCYDGLEYMTCPSTGSQHLKPACNCCIAGEKGCVLYLNNGQVINCT,39947,Oryza sativa subsp. japonica (Rice),LOC_Os03g52390 Os03g0734300 OSNPB_030734300
A0A0D9ZCR1,MASIKLALPMALLLCGLMVIGSIQSAEAQGGKFCPQFCYDGLEYMTCPSTGSQHLKPACNCCIAGEKGCVLYLNNGQVINCT,40148,Oryza glumipatula,
A3AMF1,MASIKLALPMALLLCGLMVIGSIQSAEAQGGKFCPQFCYDGLEYMTCPSTGSQHLKPACNCCIAGEKGCVLYLNNGQVINCT,39947,Oryza sativa subsp. japonica (Rice),OSJNBa0027J18.15 Os03g0734300 OsJ_12473
A0A0D3FNQ1,MASIKLALPMALLLCGLMVIGSIQSAEAQGGKFCPQFCYDGLEYMTCPSTGSQHLKPACNCCIAGEKGCVLYLNNGQVINCT,65489,Oryza barthii,
A2XLR0,MASIKLALPMALLLCGLMVIGSIQSAEAQGGKFCPQFCYDGLEYMTCPSTGSQHLKPACNCCIAGEKGCVLYLNNGQVINCT,39946,Oryza sativa subsp. indica (Rice),OsI_13414
A0A1U8H7N7,MASSKVGVLTLLLLCVLLVGSNYVESADAKICPQFCEPNIGYMTCPSTGHKKLYPKCINCCKAGKGCKLYRKNGSLRCTGT,4072,Capsicum annuum (Capsicum pepper),T459_20080
A0A2G2WDG3,MASSKVGVLTLLLLCVLLVGSNYVESADAKICPQFCEPNIGYMTCPSTGHKKLYPKCINCCKAGKGCKLYRKNGSLRCTGT,33114,Capsicum baccatum (Peruvian pepper),CQW23_17310
A0A2G2Z3H2,MASSKVGVLTLLLLCVLLVGSNYVESADAKICPQFCEPNIGYMTCPSTGHKKLYPKCINCCKAGKGCKLYRKNGSLRCTGT,4072,Capsicum annuum (Capsicum pepper),LOC107877299
A0A453ELF2,MATCRFHIACAPLLVCVMLLGKNQEGMEAVACHQYCLEVDYITCPSSGSEKLPARCNCCMAGKGCTLHLSGGINQTCN,200361,Aegilops tauschii subsp. strangulata (Goatgrass),
A0A3B6GR13,MATCRFHIACAPLLVCVMLLGKNQEGMEAVACHQYCLEVDYITCPSSGSEKLPARCNCCMAGKGCTLHLSGGINQTCN,4565,Triticum aestivum (Wheat),
R7WBW6,MATCRFHIACAPLLVCVMLLGKNQEGMEAVACHQYCLEVDYITCPSSGSEKLPARCNCCMAGKGCTLHLSGGINQTCN,37682,Aegilops tauschii (Tausch's goatgrass) (Aegilops squarrosa),F775_03746
A0A3B5Z5G1,MATFRLHISCALLLAGVVLLGTNQGGMEAMACPQYCLEVDYITCPSSGSQKLPARCNCCMAPKGCTLHLPDGINQTCS,4565,Triticum aestivum (Wheat),
A0A446KEB4,MATFRLHISCALLLAGVVLLGTNQGGMEAMACPQYCLEVDYITCPSSGSQKLPARCNCCMAPKGCTLHLPDGINQTCS,4567,Triticum turgidum subsp. durum (Durum wheat) (Triticum durum),TRITD_1Bv1G223970
A0A2T7C1D4,MATIKLALPVALLLCGLMVIGCSVQSAEAKPGRMCAMYCLDAKYMTCPPKDTEQLPPACNCCVAEKRGCTIYLSNGGVEKCP,1504633,Panicum hallii var. hallii,GQ55_9G096400
A0A3L6S7X6,MATIKLALPVALLLCGLMVIGCSVQSAEAKPGRMCAMYCLDAKYMTCPPKDTEQLPPACNCCVAEKRGCTIYLSNGGVEKCP,4540,Panicum miliaceum (Proso millet) (Broomcorn millet),C2845_PM02G04370
W5ADU4,MATSRLHIACALLLAGVVLLGQNQEGMEAVACPQYCLEVDYITCPSSGSQKLPARCNCCMAPKGCTLHLSDGINQTCS,4565,Triticum aestivum (Wheat),
A0A453A379,MATSRLHIACALLLAGVVLLGQNQEGMEAVACPQYCLEVDYITCPSSGSQKLPARCNCCMAPKGCTLHLSDGINQTCS,200361,Aegilops tauschii subsp. strangulata (Goatgrass),
M7ZEF2,MATSRLHIACALLLAGVVLLGQNQEGMEAVACPQYCLEVDYITCPSSGSQKLPARCNCCMAPKGCTLHLSDGINQTCS,4572,Triticum urartu (Red wild einkorn) (Crithodium urartu),TRIUR3_07765
A0A398AAP9,MATYKIWLMSLMITGAILADVIPGVTITKTAIACPLYCLEVEYMTCPSSGDEKLPPRCNCCLAPKDCTLHLSGSTSIHCTK,3711,Brassica campestris (Field mustard),BRAA02T06812Z BRARA_B01996
M4CUW0,MATYKIWLMSLMITGAILADVIPGVTITKTAIACPLYCLEVEYMTCPSSGDEKLPPRCNCCLAPKDCTLHLSGSTSIHCTK,51351,Brassica rapa subsp. pekinensis (Chinese cabbage) (Brassica pekinensis),
A0A3P6DUN5,MATYKIWLMSLMITGAILADVIPGVTITKTAIACPLYCLEVEYMTCPSSGDEKLPPRCNCCLAPKNCTLHLSGSTSIHCTK,3712,Brassica oleracea (Wild cabbage),BOLC2T08986H
A0A0D3APY5,MATYKIWLMSLMITGAILADVIPGVTITKTAIACPLYCLEVEYMTCPSSGDEKLPPRCNCCLAPKNCTLHLSGSTSIHCTK,109376,Brassica oleracea var. oleracea,106326242
Q41488,MAVHKEVNFVAYLLIVLGLLVLVSAMEHVDAKACTLECGNLGFGICPRSEGSPENRICTNCCAGYKGCNYYSANGAFICEGESDPKKPKACPRNCDPHIAYSKCPRSEGKSLIYPTGCTTCCTGYKGCYYFGKNGKFVCEGESDEPKANMYPAM,4113,Solanum tuberosum (Potato),
A0A097H1D6,MAVHKEVNFVAYLLIVLGLLVLVSAMEHVDAKACTLECGNLGFGICPRSEGSPENRICTNCCAGYKGCNYYSANGAFICEGESDPKKPKACPRNCDPHIAYSKCPRSEGKSLIYPTGCTTCCTGYKGCYYFGKNGKFVCEGESDEPKANMYPAM,4113,Solanum tuberosum (Potato),PIN-II
P05119,MAVHKEVNFVAYLLIVLGMFLYVDAKACTRECGNLGFGICPRSEGSPLNPICINCCSGYKGCNYYNSFGKFICEGESDPKRPNACTFNCDPNIAYSRCPRSQGKSLIYPTGCTTCCTGYKGCYYFGKDGKFVCEGESDEPKANMYPVM,4081,Solanum lycopersicum (Tomato) (Lycopersicon esculentum),
Q6H3X6,MAVHKEVNFVAYLLIVLGMFLYVDAKACTRECGNLGFGICPRSEGSPLNPICINCCSGYKGCNYYNSFGKFICEGESDPKRPNACTFNCDPNIAYSRCPRSQGKSLIYPTGCTTCCTGYKGCYYFGKDGKFVCEGESDEPKANMYPVM,4081,Solanum lycopersicum (Tomato) (Lycopersicon esculentum),
A0A097J9C9,MAVHKEVSFLGYLLVLGIFLHHVDGKACTRECGNLGYGICPRSEGSAEEPICTNCCAGYKGCKYYSADGTFICEGESDPKNPKGCPRNCDPRIAYSKCPRSQGETLIYPTGCTTCCTGYKGCYYFGKDGKFLCEGESTEPKACTLECDPRVAYMTCPSTGLAKIKDVCVNCCTAGEGCKLYGHNGSLLCTGESQSISTA,4072,Capsicum annuum (Capsicum pepper),PI-69
A0A1U8FXN6,MAVHKEVSFLGYLLVLGIFLHHVDGKACTRECGNLGYGICPRSEGSAEEPICTNCCAGYKGCKYYSADGTFICEGESDPKNPKGCPRNCDPRIAYSKCPRSQGETLIYPTGCTTCCTGYKGCYYFGKDGKFLCEGESTEPKACTLECDPRVAYMTCPSTGLAKIKDVCVNCCTAGEGCKLYGHNGSLLCTGESQSISTA,4072,Capsicum annuum (Capsicum pepper),LOC107862771
A0A075EZT7,MAVHKVSFVAHLLVLGMFLLLVDAKACTKECGNFAYGICPRSQGTPDDPICTTCCAGYKGCNYYSANGTFICEGSSDPKNPNVCPQFCDPDIAYSKCPRSEGETIINPTGCTTCCTGYKGCYYFGQDGEFVCEGESDEPKSCTTECDPRVATISCPFSGLVKINQECINCCNADKGCELYDNDGSLICTGGEPQSAA,4097,Nicotiana tabacum (Common tobacco),cevi57 LOC107816122
Q40561,MAVHKVSFVAHLLVLGMFLLLVDAKACTKECGNFAYGICPRSQGTPDDPICTTCCAGYKGCNYYSANGTFICEGSSDPKNPNVCPQFCDPDIAYSKCPRSEGETIINPTGCTTCCTGYKGCYYFGQDGEFVCEGESDEPKSCTTECDPRVATISCPFSGLVKINQECINCCNADKGCELYDNDGSLICTGGEPQSAA,4097,Nicotiana tabacum (Common tobacco),
A0A4U6SRV0,MVIGCSIQSAEAKPGRVCAMYCLNGTYMTCPPKDPEKLPPACNCCLAKKRGCTIYLSDGGAVSGEMPMESLIMKSKSKNEIDSCCLARTA,4556,Setaria viridis (Green bristlegrass) (Setaria italica subsp. viridis),SEVIR_9G101550v2
A0A368SF18,MVIGCSIQSAEAKPGRVCAMYCLNGTYMTCPPKDPEKLPPACNCCLAKKRGCTIYLSDGGAVSGEMPMESLIMKSKSKNEIDSCCLARTA,4555,Setaria italica (Foxtail millet) (Panicum italicum),SETIT_9G103700v2
